date,description,debit
2/1/2020,Score each.,1485.69
2/1/2020,Quality throughout.,1475.58
4/1/2020,Instead ahead despite measure ago.,1185.08
5/1/2020,Information last everything thank serve.,2291
13/1/2020,Future choice whatever from.,1126.88
14/1/2020,Benefit suggest page southern.,448.68
18/1/2020,By two bad fall pick.,1520.03
19/1/2020,Court attorney product significant world.,3287
21/1/2020,Herself law.,1914.85
25/1/2020,Have decide environment.,766.06
25/1/2020,Play move each left establish.,1211.41
26/1/2020,Range successful simply.,1077.09
29/1/2020,Source husband.,166.81
30/1/2020,Tree note responsibility.,1158.93
31/1/2020,How trip learn enter.,1325.91
31/1/2020,Much section investment on gun.,1712.08
31/1/2020,Management sense technology check civil.,563.17
2/2/2020,As high you more wife.,333.68
4/2/2020,Race mr.,1406.62
5/2/2020,Born itself law west.,1222.17
5/2/2020,Seven medical blood personal.,1838
7/2/2020,Current hear claim well two.,1979.15
7/2/2020,Food affect upon these story.,1372.38
8/2/2020,Around there water.,465.81
8/2/2020,Staff within mouth call.,3786
9/2/2020,Close month parent who up.,1827.14
11/2/2020,Human public health.,433.13
13/2/2020,Building different full open.,294.31
15/2/2020,Detail audience piece director town.,4009
16/2/2020,Method everything.,730.37
16/2/2020,Much rich think.,1023.96
18/2/2020,Drug list imagine behind.,1398
19/2/2020,Interest level rock pull.,3958
20/2/2020,I fund.,769.42
26/2/2020,Court movie cell.,1942.45
27/2/2020,Leg themselves away.,1363.76
28/2/2020,Anything yourself.,3286
28/2/2020,Unit support.,1795
29/2/2020,Magazine degree husband around.,1944.06
3/3/2020,World enter.,1742.33
4/3/2020,Institution whatever yet.,314.15
4/3/2020,Choice father why often.,1201.9
9/3/2020,Security arm.,1858.91
9/3/2020,Me system church whether.,486.51
11/3/2020,Attention attack technology.,180.45
11/3/2020,Walk now often.,1956.19
12/3/2020,Bank price north first end.,265.5
12/3/2020,Enter capital population.,537.46
14/3/2020,Upon very act perform.,1929.08
15/3/2020,Available defense.,1428.77
18/3/2020,Value thing these.,881.82
21/3/2020,Citizen street region.,503.33
23/3/2020,Property never.,2385
23/3/2020,Enough threat score.,151.28
24/3/2020,Example decision garden.,144.13
28/3/2020,Major town suffer begin.,1080
1/4/2020,Analysis four capital.,1341.27
5/4/2020,Scientist necessary into.,1449.47
5/4/2020,Zoo Membership,138.4
6/4/2020,Away third.,493.56
6/4/2020,Along hard need involve among.,388.92
10/4/2020,Together decide.,3402
17/4/2020,Government nice.,1729.04
17/4/2020,See understand door class son.,996
18/4/2020,Agent say forward us.,1603.18
22/4/2020,City red him.,2058
23/4/2020,Develop staff least figure.,849.54
25/4/2020,Age cover foreign.,1750.23
26/4/2020,Go meeting quickly.,914
26/4/2020,Voice boy wife condition.,1938.3
27/4/2020,Board its.,340.96
27/4/2020,Paper memory history office.,1730.65
29/4/2020,Remember ability.,764.16
30/4/2020,Hair attorney professional.,1853.77
1/5/2020,Finish summer rest feel finally.,851.78
3/5/2020,I fast camera inside.,318.05
3/5/2020,Past feeling nature.,1162.57
5/5/2020,Expert involve oil.,123.76
6/5/2020,Kid put memory soldier.,123.19
6/5/2020,Exist professional.,146.36
7/5/2020,Stand seem.,3807
11/5/2020,Southern challenge animal.,825
12/5/2020,Sure authority increase picture create.,1318.17
13/5/2020,Hundred challenge reach throughout.,1870.07
14/5/2020,Despite sound receive let.,484.99
15/5/2020,True building card.,919.88
16/5/2020,Write other wear through partner.,28.54
17/5/2020,Store natural today season.,155.79
19/5/2020,Else easy point she.,273.59
20/5/2020,Phone ever back experience.,1759.75
21/5/2020,Floor music catch discuss.,881.99
25/5/2020,Ask imagine my.,1227.24
27/5/2020,Deal information.,1339.05
28/5/2020,Task she.,1878.47
29/5/2020,Accept goal send table.,1376
30/5/2020,Section national owner determine detail.,551.97
31/5/2020,Ahead from quickly identify.,415.16
31/5/2020,Try wonder move trade.,1015.76
1/6/2020,Base investment.,193.67
2/6/2020,Anyone here deep.,97.73
5/6/2020,Seven here sell story.,1277.86
6/6/2020,Like see.,1107.84
7/6/2020,Difference attention whatever american.,232.63
8/6/2020,Current after charge.,1095.72
9/6/2020,Prove nor design record.,865.28
9/6/2020,Paper white responsibility.,826
10/6/2020,Blue agent find.,1367.31
10/6/2020,Walk cup option store.,1562.43
11/6/2020,Recent feeling.,1947.94
11/6/2020,Site girl into have media.,1730.57
12/6/2020,Support state.,1764.02
14/6/2020,Whether player stock religious.,3872
15/6/2020,Safe whole establish.,540.94
18/6/2020,Let stay or focus.,771.26
18/6/2020,Everything late.,2322
18/6/2020,Particular her agreement surface consider.,3364
19/6/2020,Something future they red.,453.62
19/6/2020,Act way beat result major.,663.24
21/6/2020,Position make society behavior.,708.78
21/6/2020,Reality fill ok list.,1879.08
22/6/2020,International second former reflect.,1962
22/6/2020,Edge building court.,86.13
24/6/2020,Week real course school everybody.,1459.8
30/6/2020,Executive beyond create dinner conference.,776.54
30/6/2020,Call animal approach factor want.,98.33
2/7/2020,Their off.,734.8
3/7/2020,Key continue anything wait.,3071
4/7/2020,State husband.,1442.31
5/7/2020,Picture approach chance none fight.,1337.12
6/7/2020,Newspaper indicate other.,1113.28
6/7/2020,Herself training father open investment.,1925
8/7/2020,Art whether between several personal.,818.09
11/7/2020,Church community.,580.96
12/7/2020,Able late order.,935.33
12/7/2020,Discuss religious.,1027.24
13/7/2020,Reach under.,1321.11
17/7/2020,Boy different chance enter.,195.84
20/7/2020,Arrive society.,1348.86
21/7/2020,Keep light fight.,303.23
21/7/2020,Matter management ball.,1096
22/7/2020,Same page ago director.,1439.51
22/7/2020,Week yourself public especially american.,495.53
22/7/2020,Million kind everything young.,1786.39
23/7/2020,Why like impact fly.,1559.06
24/7/2020,Form really explain.,109.93
28/7/2020,Already because education break significant.,918.36
28/7/2020,Price my.,1900.58
29/7/2020,Could gun.,1662.83
30/7/2020,Kind appear environment capital explain.,1489.87
31/7/2020,Ahead picture son.,1506.04
1/8/2020,Nearly need behavior.,1533.97
1/8/2020,Water positive child usually.,556.45
1/8/2020,Relate indeed lot line lead.,2420
2/8/2020,Course out second carry.,1787.12
3/8/2020,Significant take future.,2394
4/8/2020,Star executive fear.,1415.77
4/8/2020,Your majority chance mrs generation.,3210
4/8/2020,Help usually thank wonder draw.,133.91
5/8/2020,Task improve fish.,1810.63
5/8/2020,History professional star wonder.,1714.9
6/8/2020,Call whole.,959.19
8/8/2020,Them key.,1509.42
8/8/2020,Address century that wide.,1081.06
9/8/2020,Sit enter perhaps however.,981.58
13/8/2020,System teacher here first.,67.76
14/8/2020,Along attention piece tv young.,1451.12
16/8/2020,Within set region beyond.,1961.64
17/8/2020,Tough animal someone.,1187.87
18/8/2020,Hear certainly most not.,1289.07
19/8/2020,Company participant him.,1988
20/8/2020,Tree central leave effect.,3181
21/8/2020,Together let.,681.63
21/8/2020,Citizen kid generation onto police.,1506.5
22/8/2020,Lead few yourself.,1671.47
22/8/2020,Down occur.,1999.82
26/8/2020,Yeah far within.,1564.65
27/8/2020,Account ten sing.,1899.73
27/8/2020,Seat strategy total simply discover.,1748
29/8/2020,Pm per question.,1342.22
30/8/2020,Best physical always small almost.,935.42
31/8/2020,Bed far section.,343.9
1/9/2020,Car much will.,1557.81
5/9/2020,Tree store either station.,1385
5/9/2020,Second full boy.,1155.84
6/9/2020,Senior difficult put.,799.34
7/9/2020,Hand so add mr lawyer.,1188.27
8/9/2020,Herself police he push likely.,212.78
11/9/2020,Trip determine as statement.,1594.49
11/9/2020,Bring animal also you.,700.94
11/9/2020,Doctor mr.,147.22
16/9/2020,He we recent music.,1700.66
17/9/2020,Those pressure street.,872.71
17/9/2020,Allow have kitchen.,1417.54
18/9/2020,Between rate name within.,1235.67
18/9/2020,Huge couple.,935.1
22/9/2020,Begin deep police wife.,651.39
22/9/2020,During call north attention.,565.07
22/9/2020,Only spend do.,1144
23/9/2020,Able teach certain candidate economy.,67.11
23/9/2020,Produce ago.,980.22
25/9/2020,So draw food company.,687.27
27/9/2020,Score moment second.,1116.02
27/9/2020,Sing message board mean.,180.37
27/9/2020,Feeling poor all your suggest.,1114.8
29/9/2020,Make travel.,1295.35
30/9/2020,Focus chance.,195.18
1/10/2020,Person one republican.,619.35
3/10/2020,Most law painting between reduce.,1111.41
4/10/2020,Involve thousand including.,710.1
7/10/2020,Indeed believe interview professor.,510.29
7/10/2020,Rather listen before.,3084
7/10/2020,It season.,2069
8/10/2020,News only no.,560.23
8/10/2020,Improve them wait.,1961.22
10/10/2020,Why outside.,462.69
10/10/2020,Official defense.,4875
10/10/2020,Suggest glass news.,946
12/10/2020,Off southern suddenly.,1279.36
14/10/2020,Participant price.,1746.71
15/10/2020,Congress reflect.,962.64
16/10/2020,Go consider century price.,512.43
16/10/2020,Scientist will begin.,1646.01
16/10/2020,Heavy law church.,1158.27
18/10/2020,Since nothing be apply.,306.9
19/10/2020,Anyone bank kitchen interest parent.,179.51
23/10/2020,Democratic mention generation.,1216.57
24/10/2020,Question or money.,1553.63
26/10/2020,Determine worker.,601.73
27/10/2020,Daughter war.,617.71
27/10/2020,Face build market.,1895.7
27/10/2020,Can mouth discover.,536.65
28/10/2020,Author technology amount affect.,1923
29/10/2020,Office of remember individual.,15.32
30/10/2020,Again foot soon peace.,589.61
31/10/2020,Join black.,1408.95
1/11/2020,Hundred bad that second develop.,1848.58
1/11/2020,Member box.,856.03
2/11/2020,Town glass road.,1817.74
4/11/2020,Bill eight community.,128.68
6/11/2020,Concern significant.,883.92
7/11/2020,Senior service large under.,1402.47
9/11/2020,Follow wife firm key light.,881.14
10/11/2020,Option goal avoid.,1471.72
10/11/2020,Also hard expert popular.,191.74
12/11/2020,Order his oil west school.,1999.15
12/11/2020,Training occur could painting.,1156.73
14/11/2020,Whatever late specific.,946.3
14/11/2020,Mean common.,371.16
14/11/2020,Yard model particular hair.,1938.42
14/11/2020,Impact full our smile.,673.28
15/11/2020,Form newspaper.,666.31
15/11/2020,Edge surface who.,1328.54
16/11/2020,Bank professional true financial.,915.1
16/11/2020,Organization visit finally.,240.68
17/11/2020,Spend prove stock school.,1318.74
20/11/2020,Position interest.,117.87
22/11/2020,Guy congress.,1254.56
23/11/2020,Way main difficult case.,541.44
25/11/2020,Such big side.,4089
25/11/2020,Product then.,251.64
26/11/2020,Heavy class story side speak.,1422.47
27/11/2020,Analysis hair rest wide.,1108.98
27/11/2020,Doctor dream whole six.,4280
29/11/2020,Question now key show.,1001.77
1/12/2020,Month whom stage soon.,836.83
5/12/2020,Appear lose he.,495.02
5/12/2020,Surface expect several evening town.,389.31
6/12/2020,Begin treat stage this.,1729.41
10/12/2020,Apply maybe dog yes.,686.35
10/12/2020,Agreement us stuff.,1642.89
11/12/2020,Case expert stop.,1676.58
12/12/2020,Large accept bad eight.,1731.87
13/12/2020,Vote participant institution simply down.,696.8
14/12/2020,Draw police.,916.14
14/12/2020,Book toward.,1961.74
16/12/2020,Place offer.,474.79
16/12/2020,Investment pass drive.,643.17
16/12/2020,Professor beat window.,778.3
18/12/2020,Name skill medical after them.,995.7
18/12/2020,Wonder effect administration small.,1322
20/12/2020,Run pick sign.,208.43
20/12/2020,And national spend.,1447.66
22/12/2020,Wonder long consider care.,158.91
23/12/2020,Fall analysis.,683.74
23/12/2020,Firm financial.,1705.01
24/12/2020,List already positive experience television.,1908.74
25/12/2020,Event son join hundred.,1746.04
26/12/2020,Fund cost reality happen.,2423
28/12/2020,Song risk bad.,1994.88
30/12/2020,Family bill foreign fast knowledge.,1956.89
31/12/2020,Ready goal amount.,892.92
1/1/2021,Your ever woman way avoid.,101.52
6/1/2021,Message seek civil all.,723.34
6/1/2021,Call door.,1067.02
8/1/2021,Him note painting quickly.,348.27
10/1/2021,Know baby case happen.,2472
10/1/2021,Economic box save.,472.06
11/1/2021,Hit no energy employee land.,518.1
12/1/2021,Customer career available common.,2856
13/1/2021,Specific whose.,156.99
13/1/2021,Remember nearly face feel.,1281.49
14/1/2021,Soldier meeting building.,919.1
14/1/2021,Door management guess.,1708.14
15/1/2021,Level work candidate this.,3440
15/1/2021,Huge response long.,53.66
17/1/2021,Statement available win politics.,556.22
17/1/2021,Quite general there sister.,1822.13
19/1/2021,Item treat area.,1553.72
20/1/2021,Check clearly follow remember generation.,445.82
24/1/2021,Suffer economy play.,1620
26/1/2021,By field move.,624.78
27/1/2021,Option oil commercial.,1467.4
27/1/2021,American tell ball we side.,3176
27/1/2021,Short indicate police.,409.58
27/1/2021,Nation politics few each southern.,1066.4
29/1/2021,Law read citizen.,521.37
2/2/2021,Less future century technology.,1935.09
5/2/2021,Wish candidate have no.,1610.42
5/2/2021,Letter environment easy.,290.11
8/2/2021,Face his.,1934.87
8/2/2021,While total spend.,189.7
9/2/2021,Couple city you level.,1077.78
9/2/2021,Age war measure whom.,1173.27
11/2/2021,Good anything manager think pressure.,225.61
11/2/2021,Mr suggest issue.,1242.9
12/2/2021,Gym Membership,23.3
13/2/2021,Shake hand hundred now.,1831.36
16/2/2021,Network available mean share.,1274.45
18/2/2021,Quite budget window hour some.,1301.99
19/2/2021,Voice sense current meeting matter.,804
20/2/2021,Case four.,241.08
21/2/2021,Lead paper middle foreign party.,783.41
23/2/2021,Wrong school federal from.,1178.81
24/2/2021,Majority none little admit former.,1313.29
27/2/2021,On someone rise read.,1878.72
28/2/2021,Listen whose situation simply officer.,442.37
1/3/2021,Notability,60.5
2/3/2021,Lose modern return simple herself.,1712.35
2/3/2021,Occur red.,4960
2/3/2021,Kid industry.,130.49
4/3/2021,Improve simple turn.,1898.53
5/3/2021,Million night your.,1328.91
5/3/2021,Heavy what least mouth national.,110.65
7/3/2021,Machine whatever everything fear walk.,1576.09
7/3/2021,Relate real major.,1176.9
8/3/2021,Night various return explain.,663.83
9/3/2021,Here woman stand west source.,2771
9/3/2021,Explain research.,1975.18
10/3/2021,Pretty section degree still.,228.75
12/3/2021,Receive case past only drug.,39.57
15/3/2021,Point appear including.,1181.82
15/3/2021,Race case.,929
16/3/2021,Imagine various there.,4809
16/3/2021,Sense expert experience.,4401
17/3/2021,Present discussion.,1031.34
17/3/2021,Individual study value.,855
18/3/2021,Small control see the.,921.5
19/3/2021,Across nothing.,1997.19
20/3/2021,Expect writer myself management.,1375.33
21/3/2021,Life cover both class.,156.25
22/3/2021,Responsibility add front.,1038
22/3/2021,Purpose cover particularly police if.,3620
22/3/2021,Foreign husband believe word local.,912.89
23/3/2021,End dog.,1588.26
23/3/2021,Few reveal activity president.,4023
24/3/2021,Property let.,833.49
25/3/2021,Rather type thousand show.,837.82
26/3/2021,Happen determine whatever.,3060
27/3/2021,Lawyer writer health.,1907.65
28/3/2021,Serious soon stay seven.,143.6
29/3/2021,Land region back nor article.,869.43
30/3/2021,Dark mr clearly take.,1625.42
1/4/2021,Quite response.,1343.33
2/4/2021,Together knowledge.,1737.5
3/4/2021,Car indeed nor next.,1204.82
3/4/2021,How staff.,317.91
3/4/2021,Authority interest red must art.,706.73
5/4/2021,Zoo Membership,138.4
8/4/2021,All important shoulder she.,1527.59
8/4/2021,Year him thank trade.,1691.86
9/4/2021,Radio product.,1221.9
11/4/2021,President girl condition.,67.62
11/4/2021,More road development about.,1843.86
12/4/2021,Leg rest interest.,1741.03
13/4/2021,Easy get every.,148.47
18/4/2021,Special information.,192.6
19/4/2021,Deal beyond almost.,845.47
19/4/2021,Scientist i doctor.,630.16
19/4/2021,Cell year.,1767.85
19/4/2021,Five our pull fly few.,1168
21/4/2021,Determine feel article we they.,976.47
23/4/2021,Quickly new another general poor.,438.98
23/4/2021,Five indicate chance heavy senior.,865.53
24/4/2021,Support feeling remain.,1058.6
27/4/2021,None whose.,796.57
27/4/2021,Care drug data position two.,416.8
27/4/2021,Movie stop.,1530.68
30/4/2021,Help painting always.,25.38
2/5/2021,Source onto provide.,267.08
4/5/2021,Decade trade field training.,1005.52
4/5/2021,While bring yourself.,153.43
6/5/2021,Receive region however.,878.08
7/5/2021,Focus executive letter possible final.,1725.6
7/5/2021,Third letter sort reveal seven.,1421.9
7/5/2021,Have including none.,816.01
10/5/2021,Administration network once.,1604.63
11/5/2021,Charge form here.,185.38
11/5/2021,Nearly want front shake.,877
12/5/2021,Leave run goal cause.,797.58
12/5/2021,Gym Membership,23.3
14/5/2021,Contain threat wrong whatever.,450.93
14/5/2021,Stuff avoid.,1025.86
15/5/2021,Include successful.,3362
17/5/2021,Religious across.,480.18
19/5/2021,Health pay project pattern.,1921
22/5/2021,Administration mother in admit.,362.52
23/5/2021,Within admit spend purpose south.,933.27
24/5/2021,Truth modern.,1365.46
24/5/2021,People education great.,1729.85
24/5/2021,Health image.,885.13
25/5/2021,Wrong difficult range.,1594.7
25/5/2021,Behavior here.,1019.6
27/5/2021,Argue act commercial matter.,84.84
27/5/2021,Not teach believe month.,162.69
29/5/2021,Deep test thought.,1233.87
30/5/2021,Another avoid understand.,1164.86
31/5/2021,Probably conference sure administration debate.,904.97
31/5/2021,Up federal nor note.,649.84
2/6/2021,Forward sense cause write right.,1915.87
2/6/2021,Approach join stuff future.,1964.95
3/6/2021,Ahead event yeah make.,820
6/6/2021,Wait it quickly produce beat.,1982.06
6/6/2021,Require bank child.,734.16
6/6/2021,First blood accept final.,823.45
9/6/2021,Bill beautiful issue.,1580.56
11/6/2021,Mention billion bed never others.,666.08
11/6/2021,Activity including single right.,575.45
14/6/2021,Occur college herself.,673.39
15/6/2021,Feeling manage as.,1834.33
16/6/2021,Inside machine baby.,266.61
20/6/2021,Result many pattern.,626.07
20/6/2021,Career according.,1628.24
22/6/2021,Success here television key.,1295.59
23/6/2021,Carry fly water cut fire.,46.28
24/6/2021,Fact reason make office.,690.05
26/6/2021,Heavy staff hotel box.,460.82
27/6/2021,Or nation race.,2923
28/6/2021,Well left.,1020.3
28/6/2021,Something story attorney summer.,1327.24
28/6/2021,Cause field education child.,1198.52
28/6/2021,Available wrong look husband.,1856
29/6/2021,Myself so growth time.,827.61
4/7/2021,Point be shoulder price great.,1939.48
4/7/2021,Worker quality hundred sell whole.,475.67
4/7/2021,Action else.,1808.91
6/7/2021,Newspaper reach determine hear leg.,4282
7/7/2021,General agency bit.,1010.78
9/7/2021,Break wait.,1635.61
9/7/2021,Find lay deal lot.,1747.27
10/7/2021,Just recent.,3540
10/7/2021,Feel special.,1425.69
11/7/2021,Support possible.,577.28
11/7/2021,Might necessary former.,904.15
11/7/2021,Discussion if continue policy.,192.51
12/7/2021,Ahead pass culture or.,1770.41
13/7/2021,Relate day.,115.98
14/7/2021,Big the cost for leader.,778.47
15/7/2021,Month police others particularly.,730
19/7/2021,Girl suddenly.,1679.96
19/7/2021,Try opportunity public.,283.82
23/7/2021,Draw bring health.,1395.18
23/7/2021,Home others offer institution main.,4174
24/7/2021,Never majority cell.,47.82
28/7/2021,People tend weight machine.,1102.12
29/7/2021,White measure manager range.,231.26
2/8/2021,Major bar air set.,252.48
6/8/2021,Ever mrs.,134.99
7/8/2021,Not significant manager member.,1197.51
7/8/2021,Environmental myself.,1676
8/8/2021,State among rest national wrong.,1233.47
9/8/2021,Fear yourself last.,382.75
11/8/2021,Keep yes.,144.68
12/8/2021,Gym Membership,23.3
13/8/2021,Specific onto go.,787
13/8/2021,Pattern size spend.,1962.27
15/8/2021,Go exactly much food region.,720.62
16/8/2021,Environment teach world quickly believe.,1349
18/8/2021,Yeah term.,275.49
20/8/2021,Economic represent stock.,1628.88
21/8/2021,Central plan physical heart.,4420
21/8/2021,Idea seek.,135.57
22/8/2021,Wear force able similar.,83.6
23/8/2021,Play recently sure somebody.,1772.72
24/8/2021,Why station manager.,1035.61
25/8/2021,Front official not.,514.09
27/8/2021,Thus several animal phone.,579.36
29/8/2021,Buy tax.,1732.94
1/9/2021,Notability,60.5
5/9/2021,A when dark read.,1600.69
6/9/2021,City usually ever.,1489.18
8/9/2021,Mortgage,1236
9/9/2021,Bar professor power.,684.68
9/9/2021,Personal rise sense investment.,3509
9/9/2021,Ability live.,1604.28
10/9/2021,Difficult quite act receive stage.,866.91
11/9/2021,Local director become.,1095.49
11/9/2021,Finish thing.,662.56
11/9/2021,Similar send card year.,1209.22
11/9/2021,Most across.,709.58
15/9/2021,Goal defense security turn.,4063
16/9/2021,Beautiful beyond sell.,159.33
16/9/2021,White fire cause everybody.,1031.04
17/9/2021,Network outside parent.,1906.05
17/9/2021,Day parent country.,785
19/9/2021,Position six soldier.,3500
19/9/2021,History drop point audience.,1214.14
19/9/2021,Value car team nothing.,750.31
19/9/2021,Raise several west side admit.,1063.63
20/9/2021,Energy always.,506.73
21/9/2021,Media pick may indeed.,4588
22/9/2021,Mortgage,1236
28/9/2021,Policy mrs.,530.94
1/10/2021,Base bad tv.,437
6/10/2021,Mortgage,1236
7/10/2021,Force only shake power poor.,408.35
8/10/2021,Role suffer around beat.,4203
13/10/2021,Law participant.,1219
13/10/2021,Budget remain reduce.,1339
13/10/2021,Well mission situation result.,1783.75
16/10/2021,Camera sit environmental though.,1589.46
20/10/2021,Southern evening ask republican.,1970.41
20/10/2021,Mortgage,1236
21/10/2021,Baby lawyer growth matter note.,1582.84
22/10/2021,Effort bill off.,4328
24/10/2021,Scientist able teach.,1227.78
24/10/2021,Animal hair turn.,3761
27/10/2021,Need trial.,1056.13
27/10/2021,Focus indicate result.,259.4
30/10/2021,Number budget.,905.45
3/11/2021,Development middle animal.,265.39
3/11/2021,Mortgage,1236
4/11/2021,Theory tend.,1537.89
5/11/2021,Beat lead hard factor.,1517
5/11/2021,Drug happy will young simply.,337.67
6/11/2021,Character usually agency.,698.59
7/11/2021,Player really act friend.,1693.41
10/11/2021,Billion morning draw.,259.09
12/11/2021,Gym Membership,23.3
15/11/2021,Win central.,1010.12
16/11/2021,Analysis discuss.,1902
17/11/2021,Red head window be.,1686.63
17/11/2021,Mortgage,1236
18/11/2021,Card star avoid nothing.,171.63
18/11/2021,Door end fire.,1305.75
19/11/2021,Fish evening avoid dark.,1240.04
21/11/2021,Choice clearly.,2974
21/11/2021,Image movie who debate.,601.89
21/11/2021,Enter build citizen rather.,1794
23/11/2021,Structure foreign before.,934.24
26/11/2021,How any federal star.,632.04
27/11/2021,Weight take.,1950.99
28/11/2021,Economic left sound cause activity.,4718
1/12/2021,Cup hundred rather.,491.06
1/12/2021,Mortgage,1236
2/12/2021,Only true avoid young cup.,2530
3/12/2021,Begin suggest speak.,2877
3/12/2021,Walk anything.,504.06
8/12/2021,Start house ahead raise.,1628.82
9/12/2021,Democrat cost evidence third.,387.77
9/12/2021,People early far include nearly.,4585
11/12/2021,Evidence case.,56.12
12/12/2021,Eat yes myself affect him.,1933.71
13/12/2021,Name machine tree maybe.,106.83
13/12/2021,Conference five despite.,578.64
15/12/2021,Speak line.,4030
15/12/2021,Yourself wind beyond prevent entire.,3496
15/12/2021,Mortgage,1236
16/12/2021,Offer work home.,100.03
19/12/2021,Door fish scene.,3469
20/12/2021,Agreement red way nor none.,778.83
20/12/2021,My compare also argue.,1652.37
23/12/2021,Money a.,266.04
24/12/2021,Future concern sort.,3277
26/12/2021,Against only.,1512.38
28/12/2021,Suffer team.,4596
29/12/2021,Mortgage,1236
31/12/2021,Relate product only from.,1622
1/1/2022,Wish run join.,1043.47
3/1/2022,Company why really up.,3186
3/1/2022,Program sport her.,333.38
3/1/2022,Concern ability reduce.,1191.51
4/1/2022,Surface side nothing consider.,1420.39
5/1/2022,Determine not view cell seat.,743.03
6/1/2022,Word collection those become.,1171.57
8/1/2022,Activity decide really go.,1197.85
9/1/2022,Answer just.,1445.59
12/1/2022,Mortgage,1236
13/1/2022,This manage her.,1053.22
13/1/2022,Big look tell prepare.,304.07
14/1/2022,Later son almost.,1149.41
16/1/2022,End bit game thousand.,47.69
16/1/2022,Natural together.,831.79
18/1/2022,Order party lot all.,1746.91
18/1/2022,Threat church big day couple.,1414.49
21/1/2022,Enter example down anyone occur.,1996.26
21/1/2022,Approach about because.,634.37
22/1/2022,Best deal point.,4975
23/1/2022,Such final however major.,1224.05
24/1/2022,Politics hold.,2785
26/1/2022,Mortgage,1236
28/1/2022,Hard knowledge enjoy let.,1883.56
1/2/2022,Nor character recent.,1412.75
2/2/2022,Property space.,640.91
5/2/2022,Dinner article hit mission whole.,582.7
5/2/2022,Think live bad total research.,1792.56
6/2/2022,Too song quality per build.,1909.67
8/2/2022,We cold deep.,93.71
8/2/2022,Amount bad raise.,699.26
9/2/2022,Challenge organization floor road southern.,1497.2
9/2/2022,Mortgage,1236
10/2/2022,News need task mind.,1866.72
10/2/2022,Onto site both change note.,227.36
10/2/2022,Understand none.,492.49
10/2/2022,Test they there.,1279.51
11/2/2022,Pressure occur list common.,3205
12/2/2022,Gym Membership,23.3
14/2/2022,Peace race i.,1365.57
17/2/2022,Real any little environmental.,3833
17/2/2022,Full soldier.,960.12
17/2/2022,Successful teach range.,3131
17/2/2022,Feel season similar.,1816.79
18/2/2022,Rock painting become.,4883
21/2/2022,Tree imagine machine.,1827.33
22/2/2022,Start middle city find.,797
22/2/2022,Career surface these ahead.,1578.04
23/2/2022,Mortgage,1236
25/2/2022,Student economic lead.,806
27/2/2022,Ever statement measure.,3244
1/3/2022,Drop major.,1779.63
1/3/2022,Notability,60.5
2/3/2022,Whether listen necessary.,2735
4/3/2022,Study else store.,3208
5/3/2022,Agree anyone take.,2607
7/3/2022,Positive question especially.,1475.87
7/3/2022,After sister should across treatment.,359.23
9/3/2022,Mortgage,1236
12/3/2022,Song difference part wall require.,1655.71
14/3/2022,Time surface learn design.,807.66
17/3/2022,Station however bill memory production.,4411
17/3/2022,Positive participant fear blue as.,23.59
18/3/2022,Technology end represent throughout.,1509.98
18/3/2022,Change she tonight.,1169.1
18/3/2022,Race return pretty young.,1310.83
20/3/2022,Identify say on yes.,1338.89
20/3/2022,Risk develop movement size.,816.78
22/3/2022,Feel color price next.,1383.68
23/3/2022,Likely scientist.,741.41
23/3/2022,Water tonight pressure.,961.58
23/3/2022,Spotify,6.9
23/3/2022,Mortgage,1236
24/3/2022,Development the inside thought.,837.53
25/3/2022,One less brother.,1517.13
26/3/2022,Oil per line create build.,1526.1
27/3/2022,Fear approach take case customer.,1055.76
28/3/2022,Throughout would century television congress.,165.42
28/3/2022,Forward would finish around.,1659.26
28/3/2022,Decide similar office.,1149.68
28/3/2022,Size sister can its.,4762
29/3/2022,Investment local above move.,1436.67
29/3/2022,Throughout series.,1619.3
31/3/2022,Adult above safe.,919.03
31/3/2022,Fine bill me fill.,3024
31/3/2022,Fear fact.,516.37
1/4/2022,Model its rather card you.,1098
1/4/2022,Seek close trade speech.,1022
1/4/2022,Difference world deep.,1869.82
1/4/2022,Mean but represent society heart.,759
2/4/2022,Perhaps order answer blue structure.,1540.25
2/4/2022,Indicate herself.,755.18
3/4/2022,Listen check receive.,1740.54
3/4/2022,Inside big minute.,169.7
4/4/2022,Store bit responsibility brother.,1310.53
5/4/2022,Marriage participant.,1985.77
5/4/2022,Zoo Membership,138.4
6/4/2022,Mortgage,1236
8/4/2022,Win group important civil nature.,1458.44
9/4/2022,Former able public trade.,1514.8
9/4/2022,Chance bed memory rich.,1350.26
10/4/2022,Popular lead with.,1648.49
10/4/2022,Anyone spend them system.,318.69
16/4/2022,International break surface three.,763
18/4/2022,Professional color group.,1233.7
18/4/2022,Environmental run head garden box.,488.93
20/4/2022,Mortgage,1236
21/4/2022,Even history surface son.,4157
22/4/2022,Car risk.,497.02
22/4/2022,Indeed opportunity.,2419
23/4/2022,Spotify,6.9
24/4/2022,Consider here grow agreement.,288.87
24/4/2022,Turn both in animal.,1633.41
29/4/2022,Actually than modern season.,1159.17
30/4/2022,Within prove full.,481.44
2/5/2022,Believe product eat generation put.,832.98
2/5/2022,Stuff next write.,1255.73
3/5/2022,Poor church.,103.3
4/5/2022,Mortgage,1236
5/5/2022,Thank avoid man drive.,1573.75
5/5/2022,Medical nearly.,822.44
6/5/2022,Stage bad know of.,1511.29
7/5/2022,Language budget market president.,608.47
7/5/2022,Include news a before.,1830.33
7/5/2022,None pressure lay future stay.,1119
8/5/2022,Forward should outside respond.,2588
8/5/2022,Box service develop game.,1845.23
9/5/2022,Miss reduce animal clearly cell.,1075.91
9/5/2022,Effect cultural.,544.24
11/5/2022,Democratic station course full.,1748.5
12/5/2022,Gym Membership,23.3
13/5/2022,Unit study.,4427
13/5/2022,Leader operation mean white.,613.34
14/5/2022,Save network item one under.,1874.95
18/5/2022,Mortgage,1236
19/5/2022,Community spring billion price paper.,1496.29
19/5/2022,Thing industry participant realize.,1394.3
20/5/2022,Huge garden family.,1831.1
20/5/2022,Include record security.,767.52
22/5/2022,Team republican very plan cut.,623.76
23/5/2022,Tv car report window.,937.35
23/5/2022,Spotify,6.9
24/5/2022,My pm report set.,1525.64
24/5/2022,Old wall report purpose.,747.7
25/5/2022,There institution actually.,1485.09
27/5/2022,Herself apply.,2918
28/5/2022,Environment size worker.,2384
29/5/2022,Style real far.,1003.61
29/5/2022,Grow laugh.,522.08
30/5/2022,Score night down.,927.05
30/5/2022,Unit hold.,346.84
31/5/2022,Approach season data than team.,376.26
1/6/2022,Treatment relate positive.,1052.65
1/6/2022,Cultural right cover large work.,1890.92
1/6/2022,Mortgage,1236
4/6/2022,While same budget.,830.66
4/6/2022,Evidence enough claim suffer.,145.26
6/6/2022,Letter visit always up.,4642
7/6/2022,Past product make of group.,1239.49
7/6/2022,Detail contain attention measure indeed.,1321.98
11/6/2022,Begin determine degree forward.,597
11/6/2022,Despite sell most.,4888
12/6/2022,Boy generation.,1009.41
12/6/2022,Truth during always those high.,1614.27
12/6/2022,Either rich agency might.,1836.92
13/6/2022,Sort knowledge analysis together court.,391.94
15/6/2022,Mortgage,1236
17/6/2022,Way cold.,541.98
17/6/2022,Account assume prove similar ten.,1919
18/6/2022,Day stock.,1980.56
19/6/2022,Section child.,1310.93
20/6/2022,Also available concern edge.,196.07
21/6/2022,Start treat imagine later identify.,121.67
21/6/2022,Hope brother.,1177
23/6/2022,As second animal summer group.,1293.37
23/6/2022,Face rate.,1790.63
23/6/2022,Spotify,6.9
25/6/2022,She join house.,430.72
25/6/2022,Choose detail section someone.,549.48
26/6/2022,Whether century quality.,1799.63
26/6/2022,Network never.,366.92
29/6/2022,Mortgage,1236
30/6/2022,Above others.,1923.32
1/7/2022,Water fight security tough gas.,1858.46
2/7/2022,Central contain pattern education boy.,1137.72
4/7/2022,Surface usually.,773.85
4/7/2022,Popular available public economy.,1006.58
4/7/2022,Maintain former campaign pretty beyond.,204.39
5/7/2022,Fish late pattern.,687.78
6/7/2022,Charge note space when collection.,1938.15
6/7/2022,Netflix,14.5
13/7/2022,Size republican political.,1569.26
13/7/2022,Netflix,14.5
13/7/2022,Mortgage,1236
17/7/2022,Care run there leg.,718.06
17/7/2022,Main board population.,379.62
17/7/2022,Teach cause mrs.,180.53
18/7/2022,Baby away affect medical all.,1429.09
18/7/2022,If operation trade necessary myself.,3612
19/7/2022,President chance hotel through.,1481.91
20/7/2022,Let member however.,192.13
20/7/2022,Netflix,14.5
22/7/2022,Production summer.,726.24
23/7/2022,Spotify,6.9
25/7/2022,Cell city not not the.,183.72
27/7/2022,Voice american seven discussion.,215.55
27/7/2022,Doctor protect military social.,3157
27/7/2022,Truth thing always possible.,590.78
27/7/2022,Plant event score official now.,1452.44
27/7/2022,Netflix,14.5
27/7/2022,Mortgage,1236
28/7/2022,Half president structure might.,1148.2
28/7/2022,Might good test.,1888
29/7/2022,Thought according think key.,2698
30/7/2022,Method exactly.,342.74
31/7/2022,Church own stage.,973.62
2/8/2022,Specific result loss long.,2520
2/8/2022,Claim street against amount of.,1191.67
3/8/2022,Picture always occur.,1609
3/8/2022,Netflix,14.5
4/8/2022,Election conference when.,671.11
6/8/2022,These road.,886.04
7/8/2022,Describe paper.,607.87
10/8/2022,Netflix,14.5
12/8/2022,Color store over some.,963.23
12/8/2022,Gym Membership,23.3
13/8/2022,Process enough right garden law.,3114
15/8/2022,Her car admit.,1935.85
15/8/2022,Range step painting concern.,758.35
16/8/2022,Me brother lot candidate owner.,736.38
16/8/2022,Miss have analysis morning.,1188.53
17/8/2022,Smile high open scientist.,1906.48
17/8/2022,Netflix,14.5
18/8/2022,International effort.,882.53
19/8/2022,Exist theory.,1639.74
21/8/2022,Country remember smile.,1349.23
21/8/2022,Brother according pressure reach firm.,2482
22/8/2022,Choice prepare.,1433.32
22/8/2022,Talk interest hand.,903.64
23/8/2022,Sense including six lot.,1073.39
23/8/2022,Spotify,6.9
24/8/2022,Never effect fill general relationship.,1091.85
24/8/2022,Netflix,14.5
26/8/2022,Security land record.,1406.25
26/8/2022,Democrat hundred.,227.65
28/8/2022,Pass range appear home player.,341.01
29/8/2022,Likely outside because.,1933.95
30/8/2022,He participant right.,220.83
31/8/2022,Prevent expert white arm similar.,4683
31/8/2022,Keep cut prevent sound.,897.1
31/8/2022,Netflix,14.5
1/9/2022,Almost outside middle.,696.49
1/9/2022,Notability,60.5
2/9/2022,College already dream a church.,2920
3/9/2022,Good house only military.,240.98
3/9/2022,Near risk.,703.17
3/9/2022,Give white everybody paper create.,1047.02
4/9/2022,Above company media next me.,881.95
4/9/2022,Sort what.,143.68
5/9/2022,Economic kind help low during.,685
6/9/2022,Race to television loss.,1357.51
7/9/2022,Him small.,4727
7/9/2022,Netflix,14.5
8/9/2022,Son include good.,3211
10/9/2022,Red enjoy.,471.39
11/9/2022,Human see.,380.91
11/9/2022,Never condition.,68.09
12/9/2022,Despite off consumer second.,904.65
14/9/2022,Say dog drug enter.,1412.42
14/9/2022,Netflix,14.5
15/9/2022,Strong student green.,1158.92
15/9/2022,Turn put professional.,737.93
17/9/2022,When summer he firm together.,2649
18/9/2022,Make worker trouble.,1060.15
19/9/2022,Develop office approach son.,1226.5
19/9/2022,Allow girl team simply lead.,710.45
21/9/2022,Least ready activity decision ok.,1629.34
21/9/2022,Netflix,14.5
23/9/2022,Party employee nature down.,1838.18
23/9/2022,Spotify,6.9
26/9/2022,Gas contain interest industry sell.,633.24
26/9/2022,Evidence conference capital office.,374.26
28/9/2022,Result sound.,842.3
28/9/2022,Netflix,14.5
29/9/2022,Task cultural son school.,3965
29/9/2022,Computer matter.,1866
30/9/2022,Result size feel no nothing.,382.33
1/10/2022,Real art.,1732.39
2/10/2022,Stuff benefit seat employee.,281.7
3/10/2022,Newspaper special general in go.,824.18
4/10/2022,Office power company sister great.,982.51
4/10/2022,Simple land bad party.,2306
5/10/2022,What than political up instead.,457.44
5/10/2022,Netflix,14.5
8/10/2022,Support author class direction.,1135.64
10/10/2022,Report painting house.,1103.96
12/10/2022,Security minute late cold.,2694
12/10/2022,Road product wait.,1088.67
12/10/2022,Netflix,14.5
13/10/2022,Cold billion as.,1097.24
19/10/2022,Approach side model you billion.,1474.62
19/10/2022,Pressure those.,602.44
19/10/2022,Netflix,14.5
20/10/2022,Easy exist phone.,533
21/10/2022,Stuff agreement professional team foot.,883.75
22/10/2022,Window music evening know.,427.66
23/10/2022,Opportunity lead see.,1723.49
23/10/2022,Spotify,6.9
25/10/2022,Model police finally girl.,340.3
26/10/2022,Netflix,14.5
28/10/2022,Source kind hand.,2195
30/10/2022,Field a spring.,1069.24
31/10/2022,Expert movement reach man.,654.07
2/11/2022,Netflix,14.5
3/11/2022,Across involve fall.,1149.74
4/11/2022,Nature country.,279.82
5/11/2022,House clear say hope.,1838.35
7/11/2022,Enjoy instead dream.,1405.84
7/11/2022,Possible mother especially.,3138
9/11/2022,Consumer face.,984.02
9/11/2022,Netflix,14.5
10/11/2022,Laugh red man fly charge.,1259.35
12/11/2022,Gym Membership,23.3
13/11/2022,Control bill.,1270.92
14/11/2022,Resource road do.,811.67
14/11/2022,Management game.,914.84
15/11/2022,Your less social form.,1739.13
16/11/2022,Netflix,14.5
17/11/2022,Entire hotel.,1464.55
17/11/2022,Consider time economic high.,1701.71
18/11/2022,Window research his.,443.48
19/11/2022,Scene almost leave.,994.48
21/11/2022,Program decade home which view.,682.13
22/11/2022,Rock seat near business loss.,1578.72
23/11/2022,Spotify,6.9
23/11/2022,Netflix,14.5
26/11/2022,Growth appear project.,101.43
26/11/2022,Plan foot cold.,42.4
28/11/2022,Build smile across among situation.,888.16
28/11/2022,Choice side eat matter rather.,2157
30/11/2022,Netflix,14.5
1/12/2022,Art green child movie blue.,1765.47
3/12/2022,First next popular.,195.75
4/12/2022,Run again help right.,749.97
5/12/2022,Magazine join.,113.06
5/12/2022,Recent couple cost girl run.,864.17
7/12/2022,Trial never attention choice fast.,508
7/12/2022,Netflix,14.5
12/12/2022,Happen a point here control.,274.07
13/12/2022,Task simply draw return probably.,28.48
14/12/2022,Netflix,14.5
15/12/2022,Couple raise she child.,1976.43
16/12/2022,Important focus benefit probably.,960.62
18/12/2022,Condition all blood.,1464.22
22/12/2022,All politics.,3511
23/12/2022,Spotify,6.9
28/12/2022,Moment red eight hand.,771.61
30/12/2022,Us decade.,1286.74
31/12/2022,Life police.,1065.71
3/1/2023,Sea three state some around.,4105
4/1/2023,American audience fight war whether.,1259.88
4/1/2023,Rise mother.,4124
6/1/2023,Moment eat personal.,1794.22
9/1/2023,See indeed black police group.,3645
10/1/2023,Third coach congress husband.,635.86
11/1/2023,Move outside value.,1190
12/1/2023,Youtube,10.5
13/1/2023,Yard foot he share issue.,1560.15
15/1/2023,Drive nation heart nearly season.,418.84
16/1/2023,Language however risk work.,1498.21
17/1/2023,Career three according worker democrat.,1569.77
18/1/2023,Sign wall.,994.83
19/1/2023,Memory number occur behind leave.,1081
19/1/2023,Enter threat economic.,1973.9
19/1/2023,Begin hundred truth.,779.81
19/1/2023,Society common stay ready.,737.17
19/1/2023,Organization feel.,1909.36
20/1/2023,Bad argue side girl.,1178.85
21/1/2023,Us building side section.,826
21/1/2023,Him fight american music change.,1018.16
22/1/2023,Check purpose young.,852.91
23/1/2023,Offer bed it skill challenge.,562.16
23/1/2023,Live seat.,1948.88
23/1/2023,Energy huge its recently.,3700
23/1/2023,Spotify,6.9
24/1/2023,Nice maintain present cultural.,627.24
24/1/2023,Drug entire involve.,125.23
24/1/2023,Both including.,1450
24/1/2023,Couple general pretty show.,625.49
24/1/2023,Pattern wrong kind certainly.,247.69
24/1/2023,Current health serious.,336.03
25/1/2023,Science drug.,342.26
26/1/2023,Add really born.,1467
27/1/2023,Age decade mrs data.,676.67
27/1/2023,Nature performance yeah.,533.27
28/1/2023,On professional analysis color.,997.33
29/1/2023,Smile peace apply.,1004.22
29/1/2023,Home even.,323.05
30/1/2023,Affect test.,464.52
31/1/2023,Woman meet report.,1718.79
31/1/2023,Term mother cost may.,4364
1/2/2023,Unit again easy morning four.,366.13
2/2/2023,Adult range green.,1110.2
3/2/2023,You without every.,456.79
6/2/2023,Election hit yourself wrong want.,549.8
7/2/2023,Charge today prevent.,1478
7/2/2023,Minute question their rather.,366.9
8/2/2023,Of interview fine.,1908.62
8/2/2023,My deal catch must.,2812
9/2/2023,Finally relate model.,661.33
12/2/2023,Yet wish certain usually.,744.15
12/2/2023,Youtube,10.5
12/2/2023,Gym Membership,23.3
13/2/2023,Attack mouth rest contain.,1481.76
15/2/2023,She they.,1187.46
16/2/2023,Field seat start pm.,1467.6
18/2/2023,Single blood continue.,309.63
20/2/2023,Note discuss discussion reach grow.,473.67
20/2/2023,Maybe painting republican.,1902.47
22/2/2023,System man case.,3019
22/2/2023,Allow share address.,3939
23/2/2023,Spotify,6.9
24/2/2023,Development provide dark daughter.,1945.39
26/2/2023,Term majority foot leader.,1262
26/2/2023,If among save herself.,4757
26/2/2023,Particularly score order modern.,922.33
28/2/2023,Body lead there there early.,1015.8
1/3/2023,Notability,60.5
3/3/2023,Worker always hold share.,158.91
3/3/2023,Fact huge fight.,1328.26
5/3/2023,Coach family try ready.,2638
5/3/2023,Stop later reveal both.,1404.44
5/3/2023,Career including late condition opportunity.,910.99
7/3/2023,Bed food possible represent.,280.86
8/3/2023,Before relationship plant.,319.27
8/3/2023,Religious risk window partner civil.,3072
8/3/2023,Analysis color friend the.,1929.62
8/3/2023,Than condition republican.,932.06
10/3/2023,Finally shoulder land.,323.65
10/3/2023,Together whether about.,437.89
12/3/2023,Learn talk.,191.51
12/3/2023,Youtube,10.5
13/3/2023,Part management.,798.53
13/3/2023,Process law kind over according.,2631
13/3/2023,People newspaper stay.,71.85
15/3/2023,Challenge president already.,1116.35
15/3/2023,Study fear turn any indicate.,929.47
16/3/2023,Public particularly reality.,251.69
16/3/2023,Concern lay often use behavior.,1570
18/3/2023,Happy her attack interview.,3549
18/3/2023,Fall care.,1168.82
21/3/2023,Money modern receive partner.,53.38
22/3/2023,Role pick would low read.,1555
23/3/2023,Participant first moment yet.,1503
23/3/2023,Pass market role.,914
23/3/2023,Space this discussion fact.,3735
23/3/2023,Spotify,6.9
24/3/2023,Brother let.,1369.59
27/3/2023,Son yourself increase.,2033
29/3/2023,Night point action cut.,1768.01
30/3/2023,So film media.,2917
31/3/2023,Box four.,131.35
31/3/2023,Pattern ahead compare form full.,844.28
1/4/2023,Something population loss physical.,1265.2
1/4/2023,Leg sport until argue.,1978.91
4/4/2023,North question new.,964.57
5/4/2023,Zoo Membership,138.4
7/4/2023,Officer forward trouble.,1826.23
8/4/2023,Wide exactly.,548.17
9/4/2023,Worker phone success number.,740
10/4/2023,Organization ten seem.,126.6
10/4/2023,Even beautiful.,1536.02
12/4/2023,Youtube,10.5
13/4/2023,Later week democratic few.,209.27
15/4/2023,Size sing tree kitchen.,1072.04
16/4/2023,Toward child future low.,1530.46
20/4/2023,Simply century the.,716.06
20/4/2023,Day already hold.,360.44
21/4/2023,About usually.,1828.82
22/4/2023,Level animal minute probably.,1664
22/4/2023,Officer fine.,1675.03
23/4/2023,Customer expert mother significant.,1088.83
23/4/2023,Spotify,6.9
24/4/2023,Chance event address.,1239
25/4/2023,Bill my near even wall.,663
2/5/2023,Each author party full kitchen.,670.15
2/5/2023,Likely push.,688.11
3/5/2023,Approach interview condition other.,987
5/5/2023,Green forward cup serve speak.,1408
5/5/2023,Nothing behavior sort recognize.,1921.51
5/5/2023,Financial popular short like.,1176.17
7/5/2023,Technology pay tree.,281.54
12/5/2023,Record professor small.,4491
12/5/2023,Youtube,10.5
12/5/2023,Gym Membership,23.3
14/5/2023,Maintain assume both long.,1417.29
14/5/2023,Should page camera.,454.24
14/5/2023,Stage someone for power.,762.98
15/5/2023,Leave opportunity draw during city.,263.42
15/5/2023,At decade really issue.,1703.01
16/5/2023,Skin name door production back.,372.34
17/5/2023,Boy other foot best.,1282.9
18/5/2023,Final image our.,1652
19/5/2023,Management produce bed stage.,483.61
20/5/2023,Serious produce.,1276.01
20/5/2023,Factor past language day theory.,898.79
20/5/2023,Some quickly truth view response.,1389.42
22/5/2023,Old particularly.,1443.62
22/5/2023,Summer system artist too.,3937
22/5/2023,Reflect star.,991.23
23/5/2023,Spotify,6.9
25/5/2023,Technology tend.,211.84
28/5/2023,Reduce hour fish him.,333.69
29/5/2023,Nation production little could.,2915
29/5/2023,Style child young prove.,1357
30/5/2023,Author administration.,3575
2/6/2023,Window career case south.,4981
3/6/2023,Us perhaps lawyer interest star.,682.52
4/6/2023,Difficult interesting account marriage.,1411.96
5/6/2023,Especially unit office almost.,1218.56
8/6/2023,Low happy oil which bag.,211.5
8/6/2023,Let back three.,824.47
9/6/2023,Line score whether.,1324.59
9/6/2023,Something fine apply gas sing.,108.77
10/6/2023,Mention light safe inside.,315.64
10/6/2023,Cold reason our.,184.38
12/6/2023,Youtube,10.5
13/6/2023,Employee picture official of prevent.,407.35
15/6/2023,Agree machine camera baby six.,2890
16/6/2023,Past every either.,1689.1
16/6/2023,Company option character land space.,947.18
17/6/2023,Machine son television.,191.36
17/6/2023,Whose other.,748.33
19/6/2023,Sell include himself produce.,897.09
21/6/2023,Official success approach.,534.17
22/6/2023,Apply less.,310.75
22/6/2023,Live way two.,180.56
23/6/2023,Raise hope enjoy most.,1941.7
23/6/2023,Spotify,6.9
25/6/2023,Eye something.,1683.19
25/6/2023,Which raise american truth.,1931.6
25/6/2023,Particular present evening establish.,1149.7
26/6/2023,Pressure hospital significant.,167.12
30/6/2023,Side mind question year finish.,1009.18
1/7/2023,Story activity.,249.36
2/7/2023,Billion land detail exist cover.,1898.63
5/7/2023,Begin voice prevent structure wear.,2078
5/7/2023,Beat painting heavy.,1141
6/7/2023,To receive education.,411.82
7/7/2023,Police two.,1669.88
7/7/2023,Realize property show either.,183.18
10/7/2023,Since him four.,1714.68
10/7/2023,Western enough key.,1575.24
10/7/2023,Particular condition man.,233.91
10/7/2023,Shoulder despite poor tree resource.,1365
11/7/2023,Authority number.,1573.63
12/7/2023,Youtube,10.5
13/7/2023,Affect marriage present a.,1757.01
15/7/2023,Entire record toward off.,1148.33
15/7/2023,Long identify road speech.,558.07
15/7/2023,Difficult his ready sister building.,817
15/7/2023,Four field area young.,1384.12
15/7/2023,Movement which ball least.,2700
16/7/2023,Computer always his.,682.35
17/7/2023,Receive to piece.,567.89
18/7/2023,Be plan same cause.,1945.27
19/7/2023,Rest or.,1948.7
19/7/2023,As music film move.,546.15
20/7/2023,Already argue.,383.99
21/7/2023,Brother southern project learn.,1484.48
23/7/2023,Scientist do author.,1643.82
23/7/2023,Spotify,6.9
25/7/2023,President likely truth animal.,140.58
26/7/2023,Common anyone.,279.94
27/7/2023,Lay color.,355.74
27/7/2023,Box organization.,1675.58
30/7/2023,Source international.,110.61
1/8/2023,Building range national focus.,555.22
4/8/2023,Or friend.,1274.47
5/8/2023,Center indeed recent.,2481
7/8/2023,Just understand american.,363.39
7/8/2023,Partner sing administration main according.,695.06
9/8/2023,Religious order.,1500.43
9/8/2023,Really society live camera.,64.63
10/8/2023,Mission include visit.,2313
10/8/2023,Conference matter wear physical site.,545.48
11/8/2023,Above dog brother morning.,1730.61
12/8/2023,Youtube,10.5
12/8/2023,Gym Membership,23.3
16/8/2023,Gun seven music despite show.,953.45
17/8/2023,Apply both chance.,569
17/8/2023,Computer prove amount population.,1428.35
21/8/2023,Itself free source.,853.38
22/8/2023,Bit appear.,923.41
23/8/2023,Citizen ahead method.,1357.62
23/8/2023,Spotify,6.9
25/8/2023,Return or for.,1173.13
27/8/2023,Discover body direction down.,2815
30/8/2023,Heart determine likely.,968.66
30/8/2023,Three certain.,1284.78
30/8/2023,Hold carry rest.,1315.68
30/8/2023,Dark camera realize.,384.84
1/9/2023,Carry surface learn.,1800.38
1/9/2023,Detail far church some.,1324.46
1/9/2023,Notability,60.5
3/9/2023,Wife talk beat tax majority.,1314.25
4/9/2023,List leg address into their.,1814.75
4/9/2023,Its develop until watch.,1170.22
4/9/2023,Individual analysis.,692.9
7/9/2023,Almost most look something.,1813.99
10/9/2023,Manager bar send really.,1692.38
11/9/2023,Car fast positive.,594.63
11/9/2023,Look fight.,1453.12
12/9/2023,Section agency lawyer sign them.,1894.38
12/9/2023,Smile have less.,452.28
12/9/2023,Youtube,10.5
13/9/2023,Audience throw four allow international.,846.74
14/9/2023,My some skin ball thing.,528.51
14/9/2023,War push thousand book half.,946.37
14/9/2023,Hand possible relate night.,949.72
15/9/2023,Wonder draw box.,3626
15/9/2023,That reflect send set fly.,117.58
16/9/2023,Quite everyone as generation.,1984.77
16/9/2023,Money but report question.,295.02
21/9/2023,Later happy pull.,1560.09
21/9/2023,Throughout leader bag.,633.69
23/9/2023,When baby clearly.,2740
23/9/2023,Spotify,6.9
24/9/2023,Many themselves minute.,1156.8
28/9/2023,Indicate radio use.,1560
29/9/2023,Information scene again country.,812.75
3/10/2023,Strong mind from.,19.29
4/10/2023,Pretty skin main program.,1900.64
4/10/2023,Knowledge fight car smile commercial.,45.65
5/10/2023,Machine wife show.,2353
6/10/2023,Good lay coach.,631.06
8/10/2023,Expect win stuff realize project.,1868
8/10/2023,Draw american first.,2942
8/10/2023,Employee continue none alone.,1458.39
9/10/2023,Challenge large wish move.,872.99
9/10/2023,Identify material.,692.04
11/10/2023,Until choose wife national.,1502.73
12/10/2023,Youtube,10.5
13/10/2023,Positive far time wide.,656
14/10/2023,Son rock two.,430.27
14/10/2023,Rule too.,1508
15/10/2023,Bring agent pay detail group.,756.63
15/10/2023,Part crime.,1191.91
16/10/2023,Sit short cultural.,661
17/10/2023,Support quality whatever wish hour.,3914
17/10/2023,Owner memory argue project.,1099.09
23/10/2023,Spotify,6.9
27/10/2023,Respond into history.,418.93
27/10/2023,General final knowledge.,609.22
29/10/2023,Democratic thousand.,1249.37
30/10/2023,Eye south wife interest.,1663
30/10/2023,Structure our century.,2815
4/11/2023,Write moment friend value.,4577
5/11/2023,According police.,2654
8/11/2023,Company left nothing trip.,722.26
8/11/2023,Strategy face make.,88.42
8/11/2023,Fight nice less agree able.,1379.53
9/11/2023,What strong line.,15.45
9/11/2023,Conference trade population agreement.,1672.11
11/11/2023,Yes at seat ok.,1899.4
11/11/2023,Than physical live reason.,1449.89
12/11/2023,Youtube,10.5
12/11/2023,Gym Membership,23.3
13/11/2023,Mention offer suddenly clear.,2393
14/11/2023,Floor there career.,535.61
14/11/2023,Evening information.,823
15/11/2023,Face morning.,1605.18
17/11/2023,Create physical share out cold.,199.05
18/11/2023,Step rate feeling rate.,29.25
21/11/2023,Move goal.,3192
21/11/2023,Carry example.,1910.63
22/11/2023,Future treat bill choice.,751.52
23/11/2023,Somebody next ready.,807.55
23/11/2023,Republican reduce sort individual trouble.,1673.06
23/11/2023,Spotify,6.9
26/11/2023,Type look find.,1601.8
26/11/2023,Stage threat our.,234.98
26/11/2023,Report agreement sport.,1963.32
26/11/2023,Task central dinner.,837.9
27/11/2023,Candidate bad real.,370.71
27/11/2023,Affect machine.,1226.6
28/11/2023,Cultural allow.,971.33
28/11/2023,Arrive budget education at property.,886.97
29/11/2023,Turn day top.,601
5/12/2023,Ahead certainly second everyone.,1956.01
5/12/2023,Goal talk sit party.,1043.01
6/12/2023,Attention standard shake more respond.,871.37
8/12/2023,Top mr wind.,698.04
9/12/2023,Turn surface listen.,305.82
9/12/2023,Pull blue strong wonder.,33.17
10/12/2023,Method imagine seven.,1705.22
11/12/2023,Letter mind many.,1505.35
12/12/2023,Youtube,10.5
13/12/2023,News american foreign.,1940.59
14/12/2023,Exist outside find wish.,3601
14/12/2023,Network fact talk.,166.87
18/12/2023,Thus sort.,185.16
20/12/2023,Actually purpose public.,246.23
21/12/2023,Mission put budget house.,214.26
22/12/2023,Ask window full.,1653.56
23/12/2023,Do interesting material.,1781.32
23/12/2023,Spotify,6.9
25/12/2023,Event smile popular hundred live.,1901.21
26/12/2023,Memory challenge lawyer business.,1635.01
27/12/2023,Discuss wall ahead scene.,1124.7
29/12/2023,Question will him quickly.,1436.15
29/12/2023,Perform benefit baby.,236.91
29/12/2023,Society dark product make.,14.37
2/1/2024,Gas teacher national weight all.,1099.9
2/1/2024,Himself fire heavy.,101.1
4/1/2024,Allow news.,3852
4/1/2024,Man care resource.,2036
7/1/2024,Notice make.,2266
9/1/2024,Occur live take media hot.,1436.41
9/1/2024,Wife pay good within fly.,880
10/1/2024,And student give score agree.,1546.57
11/1/2024,Best generation group goal.,1928.07
11/1/2024,Doctor fine be.,4045
11/1/2024,Boy college mrs.,1849.5
12/1/2024,Price institution method inside.,1386.72
12/1/2024,Youtube,10.5
13/1/2024,Onto worry help hope.,1348
14/1/2024,Space beyond.,1013.18
15/1/2024,Market specific property coach.,554.46
16/1/2024,Wide cut player wind.,911.16
16/1/2024,Degree enter father of source.,4696
16/1/2024,Behind front attack song little.,1426.63
17/1/2024,Somebody prepare few sound.,409.77
19/1/2024,Finish increase economy middle public.,1376.36
19/1/2024,Thing physical might.,1962.86
19/1/2024,Material produce station visit environmental.,1012.75
19/1/2024,Table trade various risk art.,1423.6
20/1/2024,Leg drive second she.,1169.78
22/1/2024,Five store ask data.,1351.74
23/1/2024,Statement position either.,1756.18
23/1/2024,Spotify,6.9
24/1/2024,Draw change agree someone.,1050.23
25/1/2024,Magazine yard instead town.,934
26/1/2024,Evening ahead smile.,541.29
26/1/2024,Compare system white magazine after.,1369.95
26/1/2024,Own test too imagine.,2917
27/1/2024,However style.,723.78
28/1/2024,Born same usually.,1487.4
30/1/2024,Wear use edge this draw.,1026.74
1/2/2024,Forget once hope security.,1388.94
6/2/2024,Design blood degree ever.,3674
7/2/2024,Television argue mouth.,1932.01
7/2/2024,Nation little east everyone.,2163
10/2/2024,Little happy final population.,1661.67
10/2/2024,Real small.,1512.66
10/2/2024,Need finally when.,1554.53
12/2/2024,Youtube,10.5
12/2/2024,Gym Membership,23.3
14/2/2024,Movement door kind.,903.14
14/2/2024,Until truth feeling view.,382.08
15/2/2024,Decision three trouble.,3590
16/2/2024,Smile ever bag single.,2664
17/2/2024,Say unit four institution.,546
19/2/2024,Recognize media goal.,89.48
21/2/2024,Law agree appear political.,1549.59
21/2/2024,Able customer figure.,986.2
21/2/2024,Book economic.,155.03
22/2/2024,Rate society floor long same.,1914.41
23/2/2024,Reach step son.,837.7
23/2/2024,Increase consider.,705.31
23/2/2024,Spotify,6.9
24/2/2024,Difference way type positive phone.,668.82
24/2/2024,Cup red collection husband.,1993.3
25/2/2024,Employee become happy water bring.,238.3
27/2/2024,Significant up still management.,1809.95
27/2/2024,Course technology site.,1918.2
27/2/2024,High issue deal democratic.,768.93
28/2/2024,Industry impact certainly.,777.89
29/2/2024,Dog late eat.,59.16
1/3/2024,Notability,60.5
2/3/2024,Beat light the window.,1033.48
3/3/2024,Require remain save.,97.26
5/3/2024,Believe arrive.,647.42
5/3/2024,Likely great paper.,1871
6/3/2024,Effect people.,1257.6
6/3/2024,Provide car throughout american.,1731.25
6/3/2024,College manage fund.,419.1
7/3/2024,Bed report item.,1296.66
7/3/2024,Finish without.,57.27
8/3/2024,Security unit executive.,184.17
11/3/2024,Stop unit might job close.,1077
12/3/2024,Youtube,10.5
13/3/2024,New type pm.,1822.86
15/3/2024,Country approach.,1264.13
16/3/2024,Like clear.,785.11
18/3/2024,Break time manager kid.,1018
26/3/2024,Leader both rest challenge.,1404.76
27/3/2024,Data exist.,2874
28/3/2024,State none production defense your.,1217.07
29/3/2024,Short congress turn east marriage.,769.01
30/3/2024,Ago race quite hour.,953.24
30/3/2024,Child ball store process.,1496.04
3/4/2024,Western order accept wide prevent.,1920.67
4/4/2024,Water yourself trade someone.,591
5/4/2024,Zoo Membership,138.4
6/4/2024,Tell soon executive.,255.24
7/4/2024,Natural own.,4900
8/4/2024,Effort drive side human.,616.34
9/4/2024,Clear single expect.,431.36
9/4/2024,Fear song save.,330.3
10/4/2024,Capital program story mention majority.,396.71
10/4/2024,Environmental outside bed institution.,4996
11/4/2024,Control piece behavior message wind.,588.4
12/4/2024,Youtube,10.5
13/4/2024,Us money positive.,2117
16/4/2024,Life bad soon.,1903.56
17/4/2024,Worker range feel.,209.09
17/4/2024,Into notice necessary true message.,642.39
17/4/2024,Including let result spend.,1389.98
18/4/2024,One shoulder administration.,3091
20/4/2024,Skill successful and.,19.62
21/4/2024,Finish right serious.,1427.28
22/4/2024,Space game truth special decision.,1681.82
23/4/2024,Else pull its adult house.,4431
25/4/2024,Pretty least if.,1551.79
26/4/2024,Peace wind guess.,359.78
26/4/2024,Because career course.,1718.84
30/4/2024,Teacher decide possible.,2656
2/5/2024,Success teach mrs beat.,1457.58
3/5/2024,Listen against coach.,1627.16
4/5/2024,White likely teacher one.,1813.54
4/5/2024,Notice street anything.,1311.28
5/5/2024,Piece require.,2329
5/5/2024,Say other never fact.,276.42
12/5/2024,Youtube,10.5
12/5/2024,Gym Membership,23.3
14/5/2024,Main opportunity particularly question.,799.6
15/5/2024,Research month instead.,1697.48
17/5/2024,As throughout individual list manager.,1516.84
20/5/2024,Recently again explain court.,1967
22/5/2024,Discussion detail training fund.,1474.48
23/5/2024,Third rich hospital.,90.44
25/5/2024,Somebody son suddenly perform.,135.09
26/5/2024,Project can.,1340.49
27/5/2024,Paper beyond indeed.,782.31
27/5/2024,Doctor news yourself.,89.41
31/5/2024,Ground city still.,1410.44
1/6/2024,Southern front.,1671.4
2/6/2024,Dinner no main year size.,759.55
2/6/2024,Environment character real middle prove.,1038.16
3/6/2024,Sometimes while sense window.,1037.58
4/6/2024,Among black picture that treat.,978.85
6/6/2024,Remain seven marriage.,1008.66
7/6/2024,Positive free case.,2384
9/6/2024,Wide shoulder according strong.,2232
10/6/2024,Expert commercial entire resource.,3467
12/6/2024,Picture early send morning.,1325.61
12/6/2024,Youtube,10.5
13/6/2024,Soon including important.,1443.31
13/6/2024,Some gun ahead certainly act.,963.25
14/6/2024,Be fire.,54.67
15/6/2024,Article service produce political.,1603
16/6/2024,Within woman.,1782.69
17/6/2024,Information though red.,2615
21/6/2024,Training account evidence month.,1202.72
21/6/2024,Land day name small.,1758.23
22/6/2024,Thought sit identify culture.,1895.04
23/6/2024,Already free.,1735.93
23/6/2024,Yeah exist behavior necessary miss.,1669
23/6/2024,Agreement someone.,1250.19
23/6/2024,Strategy fight institution.,1451.13
23/6/2024,Rule success.,1197.1
1/7/2024,Medical buy series walk large.,3657
5/7/2024,Law work.,2157
6/7/2024,Research visit program suddenly doctor.,1654.76
7/7/2024,Project spring of.,956.98
7/7/2024,Mind easy foreign old.,1756.73
7/7/2024,Better republican stock bank.,195.45
7/7/2024,Thousand live land hard.,1794.97
12/7/2024,Youtube,10.5
13/7/2024,Open million house enough.,1048.87
13/7/2024,You ready way rule.,1398.31
16/7/2024,Certain camera represent.,1581.22
20/7/2024,Tell brother defense list second.,856.72
21/7/2024,Tv budget system book.,1821.07
22/7/2024,Face mission brother figure hear.,2611
23/7/2024,Agreement central six instead.,4780
23/7/2024,Democratic standard major.,3572
25/7/2024,Give that individual of not.,823.6
26/7/2024,Little result paper seven.,2577
26/7/2024,Seven project chance road.,1133.69
26/7/2024,Professor important do house must.,1512.39
26/7/2024,Position tend religious.,365.65
27/7/2024,Someone religious night buy nice.,515.02
27/7/2024,My serious whatever miss seek.,1550.65
27/7/2024,Build view.,1711.45
28/7/2024,Ever day.,898.72
28/7/2024,Be move fly open.,209.55
29/7/2024,Future congress.,1603.7
29/7/2024,Fish either boy between collection.,329.87
29/7/2024,Eight bed fill.,1610.7
30/7/2024,Arrive which consider.,1852.46
30/7/2024,Hope floor include.,533.55
1/8/2024,Heart still building.,1451.74
2/8/2024,Sell only manage.,1231.79
2/8/2024,We especially five network.,1891.97
3/8/2024,Ahead plant trial affect.,883.55
3/8/2024,Push east never size fight.,397.55
8/8/2024,Base player data whose.,1234.23
9/8/2024,World site mr interest treatment.,486.12
11/8/2024,A let.,1211
12/8/2024,Youtube,10.5
12/8/2024,Gym Membership,23.3
14/8/2024,A value lot.,712.72
14/8/2024,Yourself successful defense subject.,1040.31
14/8/2024,Claim move.,1839.16
15/8/2024,Bed recognize store.,701.48
22/8/2024,There decision measure.,1216.66
23/8/2024,Play woman remain event.,538
25/8/2024,Decision where foreign trial.,1017.41
25/8/2024,Participant above.,686.53
25/8/2024,Including time reflect.,4906
27/8/2024,Ball theory prepare much throughout.,1391.44
27/8/2024,Good spend still.,1542.23
28/8/2024,Concern should recent across.,1366.37
28/8/2024,View know develop after.,969.12
28/8/2024,Course staff personal space.,1270.99
30/8/2024,Woman whose already.,1602.32
1/9/2024,Decide cultural start how thank.,1037.84
1/9/2024,Notability,60.5
2/9/2024,Management necessary process not.,2533
5/9/2024,Assume campaign assume.,1350.66
5/9/2024,Talk thing rock ever summer.,1113.56
5/9/2024,Pass quite third ability interview.,3396
5/9/2024,Item yet ever quite.,373.74
6/9/2024,Guess service this different.,1003.01
7/9/2024,Mother first hot free.,2674
8/9/2024,Wrong difficult.,1671.53
10/9/2024,True culture.,320.43
12/9/2024,Youtube,10.5
13/9/2024,As personal agreement.,4535
15/9/2024,Or phone.,1697.54
16/9/2024,East list when.,989.76
17/9/2024,Mind door authority outside.,986.7
17/9/2024,Personal often.,801.78
17/9/2024,True help.,117.75
18/9/2024,Artist sort area.,1879.91
21/9/2024,Big argue.,3725
22/9/2024,Sure i pay.,919.82
23/9/2024,Ten skin perhaps.,3085
24/9/2024,Less into per big.,1351.47
25/9/2024,Military onto blue activity.,657.62
26/9/2024,Smile cover of pm eight.,382.43
26/9/2024,Right know during someone.,947.98
27/9/2024,Find job where.,375.99
27/9/2024,On must certainly.,1404.42
1/10/2024,Owner fact wife.,566.46
1/10/2024,Price certain down standard nice.,2372
2/10/2024,Gas with policy cut.,1610.13
2/10/2024,Country little reality level.,400.17
3/10/2024,Not friend federal forget bit.,951.24
4/10/2024,Detail about development discover.,4592
4/10/2024,Lose shoulder spring.,4486
7/10/2024,Hundred step according.,802.82
8/10/2024,Group never.,438.78
9/10/2024,Key place tree.,905.21
10/10/2024,Wish current.,727.01
10/10/2024,Despite energy company.,694.84
11/10/2024,Condition again successful.,1736.06
12/10/2024,Story case.,1157.94
12/10/2024,Youtube,10.5
15/10/2024,Very figure drive special.,1958.95
17/10/2024,With young think there assume.,1349.65
17/10/2024,Some court her.,1780.37
18/10/2024,Outside with each animal.,932.87
19/10/2024,Take family chance.,1284.76
19/10/2024,Picture evidence.,1266.23
21/10/2024,Why though decide bank likely.,167.43
21/10/2024,Meet seem population.,640.59
21/10/2024,Material less focus hear.,1214.72
23/10/2024,Listen ok point so.,1564.14
24/10/2024,Detail data tell.,833.84
28/10/2024,Fill thousand number.,1524
1/11/2024,Nearly care base.,1881.47
2/11/2024,Goal once let perform international.,429.04
3/11/2024,Important source first him.,136.95
3/11/2024,Doctor population grow bar.,62.47
11/11/2024,National back everybody direction budget.,216.82
11/11/2024,National free.,1313.12
12/11/2024,Few spring raise.,466.42
12/11/2024,Youtube,10.5
12/11/2024,Gym Membership,23.3
13/11/2024,Relationship your your.,1256.7
13/11/2024,Across federal state.,734
13/11/2024,State serious activity pressure.,3164
13/11/2024,Dinner rich decide do.,1950.21
14/11/2024,Serious reveal left social fine.,1101.61
14/11/2024,Show recently decide last.,4240
16/11/2024,Hear officer.,1051.69
17/11/2024,Wall act special.,1818.76
17/11/2024,Different international sell several.,1611.37
17/11/2024,For age size.,830.29
17/11/2024,With yes nothing.,500
18/11/2024,Woman daughter hospital move.,694.33
18/11/2024,Board notice later thus.,1378.66
19/11/2024,Bit need allow.,606.22
20/11/2024,Cost attorney.,1198.04
20/11/2024,Day fact modern.,385.26
22/11/2024,Happy action.,795.56
23/11/2024,Hospital writer can industry.,3599
24/11/2024,Western tend candidate day.,850.26
24/11/2024,City offer financial data.,576.51
24/11/2024,Cut yard knowledge.,831.68
25/11/2024,Space moment travel these least.,281.88
25/11/2024,Say explain.,4209
25/11/2024,Red republican father party.,383.7
26/11/2024,Eat tonight run leader.,4882
29/11/2024,Believe recognize analysis those citizen.,2811
30/11/2024,Project at risk.,1456.94
2/12/2024,In seven building hard.,39.3
5/12/2024,Short for late education.,630.04
6/12/2024,Left available.,932.73
9/12/2024,Gas human create also.,169.64
11/12/2024,Remember carry.,121.52
12/12/2024,Leave bar prevent require.,1090.95
12/12/2024,Likely evidence claim.,3625
12/12/2024,Youtube,10.5
15/12/2024,Beyond family movement hospital back.,1949.45
16/12/2024,Child group describe.,1544.74
19/12/2024,Democratic recent student specific political.,406.37
19/12/2024,Real know our any.,1047.07
21/12/2024,Up hear draw.,784.35
23/12/2024,Instead writer.,325.64
28/12/2024,Quite as when.,514.09
28/12/2024,Right analysis mention.,727.25
28/12/2024,No couple debate must.,1425
29/12/2024,Discussion black follow.,655.78
29/12/2024,Pressure activity defense detail.,1480